{
    "schemaVersion": null,
    "dashboardFormatVersion": "4.0",
    "name": "Elasticsearch BTD Dashboard",
    "description": null,
    "properties": null,
    "templateEntityType": "APPLICATION_COMPONENT_NODE",
    "associatedEntityTemplates": null,
    "minutesBeforeAnchorTime": -1,
    "startDate": null,
    "endDate": null,
    "refreshInterval": 120000,
    "backgroundColor": 15856629,
    "color": 15856629,
    "height": 768,
    "width": 1024,
    "canvasType": "CANVAS_TYPE_GRID",
    "layoutType": "",
    "widgetTemplates": [
        {
            "widgetType": "GraphWidget",
            "title": "Heart Beat",
            "height": 2,
            "width": 3,
            "minHeight": 0,
            "minWidth": 0,
            "x": 0,
            "y": 0,
            "label": null,
            "description": null,
            "drillDownUrl": null,
            "useMetricBrowserAsDrillDown": true,
            "drillDownActionType": null,
            "backgroundColor": 16777215,
            "backgroundColors": null,
            "backgroundColorsStr": "16777215,16777215",
            "color": 1646891,
            "fontSize": 12,
            "useAutomaticFontSize": false,
            "borderEnabled": false,
            "borderThickness": 0,
            "borderColor": 14408667,
            "backgroundAlpha": 1,
            "showValues": false,
            "formatNumber": true,
            "numDecimals": 0,
            "removeZeros": true,
            "compactMode": false,
            "showTimeRange": false,
            "renderIn3D": false,
            "showLegend": true,
            "legendPosition": "POSITION_BOTTOM",
            "legendColumnCount": 1,
            "startTime": null,
            "endTime": null,
            "minutesBeforeAnchorTime": 15,
            "isGlobal": true,
            "propertiesMap": null,
            "dataSeriesTemplates": [
                {
                    "seriesType": "LINE",
                    "metricType": null,
                    "showRawMetricName": false,
                    "colorPalette": null,
                    "name": "Series 1",
                    "metricMatchCriteriaTemplate": {
                        "entityMatchCriteria": {
                            "matchCriteriaType": "AllEntities",
                            "entityType": "APPLICATION_COMPONENT_NODE",
                            "agentTypes": null,
                            "summary": false
                        },
                        "metricExpressionTemplate": {
                            "metricExpressionType": "Logical",
                            "functionType": "VALUE",
                            "displayName": "null",
                            "inputMetricText": false,
                            "inputMetricPath": null,
                            "relativeMetricPath": "Custom Metrics|*|*|HeartBeat"
                        },
                        "rollupMetricData": false,
                        "expressionString": null,
                        "useActiveBaseline": false,
                        "sortResultsAscending": false,
                        "maxResults": 20,
                        "evaluationScopeType": null,
                        "baselineName": null,
                        "applicationName": "Server & Infrastructure Monitoring",
                        "metricDisplayNameStyle": "DISPLAY_STYLE_AUTO",
                        "metricDisplayNameCustomFormat": null
                    },
                    "axisPosition": "LEFT"
                }
            ],
            "verticalAxisLabel": null,
            "hideHorizontalAxis": null,
            "horizontalAxisLabel": null,
            "axisType": "LINEAR",
            "stackMode": null,
            "multipleYAxis": null,
            "customVerticalAxisMin": null,
            "customVerticalAxisMax": null,
            "showEvents": null,
            "interpolateDataGaps": false,
            "showAllTooltips": null,
            "staticThresholdList": [],
            "eventFilterTemplate": null
        },
        {
            "widgetType": "GraphWidget",
            "title": "Metrics Uploaded",
            "height": 2,
            "width": 3,
            "minHeight": 0,
            "minWidth": 0,
            "x": 3,
            "y": 0,
            "label": null,
            "description": null,
            "drillDownUrl": null,
            "useMetricBrowserAsDrillDown": true,
            "drillDownActionType": null,
            "backgroundColor": 16777215,
            "backgroundColors": null,
            "backgroundColorsStr": "16777215,16777215",
            "color": 1646891,
            "fontSize": 12,
            "useAutomaticFontSize": false,
            "borderEnabled": false,
            "borderThickness": 0,
            "borderColor": 14408667,
            "backgroundAlpha": 1,
            "showValues": false,
            "formatNumber": null,
            "numDecimals": 0,
            "removeZeros": null,
            "compactMode": false,
            "showTimeRange": false,
            "renderIn3D": false,
            "showLegend": true,
            "legendPosition": "POSITION_BOTTOM",
            "legendColumnCount": 1,
            "startTime": null,
            "endTime": null,
            "minutesBeforeAnchorTime": 15,
            "isGlobal": true,
            "propertiesMap": null,
            "dataSeriesTemplates": [
                {
                    "seriesType": "LINE",
                    "metricType": null,
                    "showRawMetricName": false,
                    "colorPalette": null,
                    "name": "Series 1",
                    "metricMatchCriteriaTemplate": {
                        "entityMatchCriteria": {
                            "matchCriteriaType": "AllEntities",
                            "entityType": "APPLICATION_COMPONENT_NODE",
                            "agentTypes": null,
                            "summary": false
                        },
                        "metricExpressionTemplate": {
                            "metricExpressionType": "Logical",
                            "functionType": "VALUE",
                            "displayName": "null",
                            "inputMetricText": false,
                            "inputMetricPath": null,
                            "relativeMetricPath": "Custom Metrics|*|Metrics Uploaded"
                        },
                        "rollupMetricData": false,
                        "expressionString": null,
                        "useActiveBaseline": false,
                        "sortResultsAscending": false,
                        "maxResults": 20,
                        "evaluationScopeType": null,
                        "baselineName": null,
                        "applicationName": "Server & Infrastructure Monitoring",
                        "metricDisplayNameStyle": "DISPLAY_STYLE_AUTO",
                        "metricDisplayNameCustomFormat": null
                    },
                    "axisPosition": "LEFT"
                }
            ],
            "verticalAxisLabel": null,
            "hideHorizontalAxis": null,
            "horizontalAxisLabel": null,
            "axisType": "LINEAR",
            "stackMode": null,
            "multipleYAxis": null,
            "customVerticalAxisMin": null,
            "customVerticalAxisMax": null,
            "showEvents": null,
            "interpolateDataGaps": false,
            "showAllTooltips": null,
            "staticThresholdList": [],
            "eventFilterTemplate": null
        },
        {
            "widgetType": "GraphWidget",
            "title": "Total Number of Shards",
            "height": 2,
            "width": 3,
            "minHeight": 0,
            "minWidth": 0,
            "x": 6,
            "y": 0,
            "label": null,
            "description": null,
            "drillDownUrl": null,
            "useMetricBrowserAsDrillDown": true,
            "drillDownActionType": null,
            "backgroundColor": 16777215,
            "backgroundColors": null,
            "backgroundColorsStr": "16777215,16777215",
            "color": 1646891,
            "fontSize": 12,
            "useAutomaticFontSize": false,
            "borderEnabled": false,
            "borderThickness": 0,
            "borderColor": 14408667,
            "backgroundAlpha": 1,
            "showValues": false,
            "formatNumber": null,
            "numDecimals": 0,
            "removeZeros": null,
            "compactMode": false,
            "showTimeRange": false,
            "renderIn3D": false,
            "showLegend": true,
            "legendPosition": "POSITION_BOTTOM",
            "legendColumnCount": 1,
            "startTime": null,
            "endTime": null,
            "minutesBeforeAnchorTime": 15,
            "isGlobal": true,
            "propertiesMap": null,
            "dataSeriesTemplates": [
                {
                    "seriesType": "LINE",
                    "metricType": null,
                    "showRawMetricName": false,
                    "colorPalette": null,
                    "name": "Series 1",
                    "metricMatchCriteriaTemplate": {
                        "entityMatchCriteria": {
                            "matchCriteriaType": "AllEntities",
                            "entityType": "APPLICATION_COMPONENT_NODE",
                            "agentTypes": null,
                            "summary": false
                        },
                        "metricExpressionTemplate": {
                            "metricExpressionType": "Logical",
                            "functionType": "VALUE",
                            "displayName": "null",
                            "inputMetricText": false,
                            "inputMetricPath": null,
                            "relativeMetricPath": "Custom Metrics|*|*|Allocations|*|Total Number of Shards"
                        },
                        "rollupMetricData": false,
                        "expressionString": null,
                        "useActiveBaseline": false,
                        "sortResultsAscending": false,
                        "maxResults": 20,
                        "evaluationScopeType": null,
                        "baselineName": null,
                        "applicationName": "Server & Infrastructure Monitoring",
                        "metricDisplayNameStyle": "DISPLAY_STYLE_AUTO",
                        "metricDisplayNameCustomFormat": null
                    },
                    "axisPosition": "LEFT"
                }
            ],
            "verticalAxisLabel": null,
            "hideHorizontalAxis": null,
            "horizontalAxisLabel": null,
            "axisType": "LINEAR",
            "stackMode": null,
            "multipleYAxis": null,
            "customVerticalAxisMin": null,
            "customVerticalAxisMax": null,
            "showEvents": null,
            "interpolateDataGaps": false,
            "showAllTooltips": null,
            "staticThresholdList": [],
            "eventFilterTemplate": null
        },
        {
            "widgetType": "GraphWidget",
            "title": "Disk.Used (bytes)",
            "height": 2,
            "width": 3,
            "minHeight": 0,
            "minWidth": 0,
            "x": 6,
            "y": 2,
            "label": null,
            "description": null,
            "drillDownUrl": null,
            "useMetricBrowserAsDrillDown": true,
            "drillDownActionType": null,
            "backgroundColor": 16777215,
            "backgroundColors": null,
            "backgroundColorsStr": "16777215,16777215",
            "color": 1646891,
            "fontSize": 12,
            "useAutomaticFontSize": false,
            "borderEnabled": false,
            "borderThickness": 0,
            "borderColor": 14408667,
            "backgroundAlpha": 1,
            "showValues": false,
            "formatNumber": null,
            "numDecimals": 0,
            "removeZeros": null,
            "compactMode": false,
            "showTimeRange": false,
            "renderIn3D": false,
            "showLegend": true,
            "legendPosition": "POSITION_BOTTOM",
            "legendColumnCount": 1,
            "startTime": null,
            "endTime": null,
            "minutesBeforeAnchorTime": 15,
            "isGlobal": true,
            "propertiesMap": null,
            "dataSeriesTemplates": [
                {
                    "seriesType": "LINE",
                    "metricType": null,
                    "showRawMetricName": false,
                    "colorPalette": null,
                    "name": "Series 1",
                    "metricMatchCriteriaTemplate": {
                        "entityMatchCriteria": {
                            "matchCriteriaType": "AllEntities",
                            "entityType": "APPLICATION_COMPONENT_NODE",
                            "agentTypes": null,
                            "summary": false
                        },
                        "metricExpressionTemplate": {
                            "metricExpressionType": "Logical",
                            "functionType": "VALUE",
                            "displayName": "null",
                            "inputMetricText": false,
                            "inputMetricPath": null,
                            "relativeMetricPath": "Custom Metrics|*|*|Allocations|*|Disk Stats|Used"
                        },
                        "rollupMetricData": false,
                        "expressionString": null,
                        "useActiveBaseline": false,
                        "sortResultsAscending": false,
                        "maxResults": 20,
                        "evaluationScopeType": null,
                        "baselineName": null,
                        "applicationName": "Server & Infrastructure Monitoring",
                        "metricDisplayNameStyle": "DISPLAY_STYLE_AUTO",
                        "metricDisplayNameCustomFormat": null
                    },
                    "axisPosition": "LEFT"
                }
            ],
            "verticalAxisLabel": null,
            "hideHorizontalAxis": null,
            "horizontalAxisLabel": null,
            "axisType": "LINEAR",
            "stackMode": null,
            "multipleYAxis": null,
            "customVerticalAxisMin": null,
            "customVerticalAxisMax": null,
            "showEvents": null,
            "interpolateDataGaps": false,
            "showAllTooltips": null,
            "staticThresholdList": [],
            "eventFilterTemplate": null
        },
        {
            "widgetType": "GraphWidget",
            "title": "Disk.Indices",
            "height": 2,
            "width": 3,
            "minHeight": 0,
            "minWidth": 0,
            "x": 0,
            "y": 2,
            "label": null,
            "description": null,
            "drillDownUrl": null,
            "useMetricBrowserAsDrillDown": true,
            "drillDownActionType": null,
            "backgroundColor": 16777215,
            "backgroundColors": null,
            "backgroundColorsStr": "16777215,16777215",
            "color": 1646891,
            "fontSize": 12,
            "useAutomaticFontSize": false,
            "borderEnabled": false,
            "borderThickness": 0,
            "borderColor": 14408667,
            "backgroundAlpha": 1,
            "showValues": false,
            "formatNumber": null,
            "numDecimals": 0,
            "removeZeros": null,
            "compactMode": false,
            "showTimeRange": false,
            "renderIn3D": false,
            "showLegend": true,
            "legendPosition": "POSITION_BOTTOM",
            "legendColumnCount": 1,
            "startTime": null,
            "endTime": null,
            "minutesBeforeAnchorTime": 15,
            "isGlobal": true,
            "propertiesMap": null,
            "dataSeriesTemplates": [
                {
                    "seriesType": "LINE",
                    "metricType": null,
                    "showRawMetricName": false,
                    "colorPalette": null,
                    "name": "Series 1",
                    "metricMatchCriteriaTemplate": {
                        "entityMatchCriteria": {
                            "matchCriteriaType": "AllEntities",
                            "entityType": "APPLICATION_COMPONENT_NODE",
                            "agentTypes": null,
                            "summary": false
                        },
                        "metricExpressionTemplate": {
                            "metricExpressionType": "Logical",
                            "functionType": "VALUE",
                            "displayName": "null",
                            "inputMetricText": false,
                            "inputMetricPath": null,
                            "relativeMetricPath": "Custom Metrics|*|*|Allocations|*|Disk Stats|Indices"
                        },
                        "rollupMetricData": false,
                        "expressionString": null,
                        "useActiveBaseline": false,
                        "sortResultsAscending": false,
                        "maxResults": 20,
                        "evaluationScopeType": null,
                        "baselineName": null,
                        "applicationName": "Server & Infrastructure Monitoring",
                        "metricDisplayNameStyle": "DISPLAY_STYLE_AUTO",
                        "metricDisplayNameCustomFormat": null
                    },
                    "axisPosition": "LEFT"
                }
            ],
            "verticalAxisLabel": null,
            "hideHorizontalAxis": null,
            "horizontalAxisLabel": null,
            "axisType": "LINEAR",
            "stackMode": null,
            "multipleYAxis": null,
            "customVerticalAxisMin": null,
            "customVerticalAxisMax": null,
            "showEvents": null,
            "interpolateDataGaps": false,
            "showAllTooltips": null,
            "staticThresholdList": [],
            "eventFilterTemplate": null
        },
        {
            "widgetType": "GraphWidget",
            "title": "Disk.Total (bytes)",
            "height": 2,
            "width": 3,
            "minHeight": 0,
            "minWidth": 0,
            "x": 3,
            "y": 2,
            "label": null,
            "description": null,
            "drillDownUrl": null,
            "useMetricBrowserAsDrillDown": true,
            "drillDownActionType": null,
            "backgroundColor": 16777215,
            "backgroundColors": null,
            "backgroundColorsStr": "16777215,16777215",
            "color": 1646891,
            "fontSize": 12,
            "useAutomaticFontSize": false,
            "borderEnabled": false,
            "borderThickness": 0,
            "borderColor": 14408667,
            "backgroundAlpha": 1,
            "showValues": false,
            "formatNumber": null,
            "numDecimals": 0,
            "removeZeros": null,
            "compactMode": false,
            "showTimeRange": false,
            "renderIn3D": false,
            "showLegend": true,
            "legendPosition": "POSITION_BOTTOM",
            "legendColumnCount": 1,
            "startTime": null,
            "endTime": null,
            "minutesBeforeAnchorTime": 15,
            "isGlobal": true,
            "propertiesMap": null,
            "dataSeriesTemplates": [
                {
                    "seriesType": "LINE",
                    "metricType": null,
                    "showRawMetricName": false,
                    "colorPalette": null,
                    "name": "Series 1",
                    "metricMatchCriteriaTemplate": {
                        "entityMatchCriteria": {
                            "matchCriteriaType": "AllEntities",
                            "entityType": "APPLICATION_COMPONENT_NODE",
                            "agentTypes": null,
                            "summary": false
                        },
                        "metricExpressionTemplate": {
                            "metricExpressionType": "Logical",
                            "functionType": "VALUE",
                            "displayName": "null",
                            "inputMetricText": false,
                            "inputMetricPath": null,
                            "relativeMetricPath": "Custom Metrics|*|*|Allocations|*|Disk Stats|Total"
                        },
                        "rollupMetricData": false,
                        "expressionString": null,
                        "useActiveBaseline": false,
                        "sortResultsAscending": false,
                        "maxResults": 20,
                        "evaluationScopeType": null,
                        "baselineName": null,
                        "applicationName": "Server & Infrastructure Monitoring",
                        "metricDisplayNameStyle": "DISPLAY_STYLE_AUTO",
                        "metricDisplayNameCustomFormat": null
                    },
                    "axisPosition": "LEFT"
                }
            ],
            "verticalAxisLabel": null,
            "hideHorizontalAxis": null,
            "horizontalAxisLabel": null,
            "axisType": "LINEAR",
            "stackMode": null,
            "multipleYAxis": null,
            "customVerticalAxisMin": null,
            "customVerticalAxisMax": null,
            "showEvents": null,
            "interpolateDataGaps": false,
            "showAllTooltips": null,
            "staticThresholdList": [],
            "eventFilterTemplate": null
        },
        {
            "widgetType": "GraphWidget",
            "title": "Disk.Available (bytes)",
            "height": 2,
            "width": 3,
            "minHeight": 0,
            "minWidth": 0,
            "x": 9,
            "y": 2,
            "label": null,
            "description": null,
            "drillDownUrl": null,
            "useMetricBrowserAsDrillDown": true,
            "drillDownActionType": null,
            "backgroundColor": 16777215,
            "backgroundColors": null,
            "backgroundColorsStr": "16777215,16777215",
            "color": 1646891,
            "fontSize": 12,
            "useAutomaticFontSize": false,
            "borderEnabled": false,
            "borderThickness": 0,
            "borderColor": 14408667,
            "backgroundAlpha": 1,
            "showValues": false,
            "formatNumber": null,
            "numDecimals": 0,
            "removeZeros": null,
            "compactMode": false,
            "showTimeRange": false,
            "renderIn3D": false,
            "showLegend": true,
            "legendPosition": "POSITION_BOTTOM",
            "legendColumnCount": 1,
            "startTime": null,
            "endTime": null,
            "minutesBeforeAnchorTime": 15,
            "isGlobal": true,
            "propertiesMap": null,
            "dataSeriesTemplates": [
                {
                    "seriesType": "LINE",
                    "metricType": null,
                    "showRawMetricName": false,
                    "colorPalette": null,
                    "name": "Series 1",
                    "metricMatchCriteriaTemplate": {
                        "entityMatchCriteria": {
                            "matchCriteriaType": "AllEntities",
                            "entityType": "APPLICATION_COMPONENT_NODE",
                            "agentTypes": null,
                            "summary": false
                        },
                        "metricExpressionTemplate": {
                            "metricExpressionType": "Logical",
                            "functionType": "VALUE",
                            "displayName": "null",
                            "inputMetricText": false,
                            "inputMetricPath": null,
                            "relativeMetricPath": "Custom Metrics|*|*|Allocations|*|Disk Stats|Available"
                        },
                        "rollupMetricData": false,
                        "expressionString": null,
                        "useActiveBaseline": false,
                        "sortResultsAscending": false,
                        "maxResults": 20,
                        "evaluationScopeType": null,
                        "baselineName": null,
                        "applicationName": "Server & Infrastructure Monitoring",
                        "metricDisplayNameStyle": "DISPLAY_STYLE_AUTO",
                        "metricDisplayNameCustomFormat": null
                    },
                    "axisPosition": "LEFT"
                }
            ],
            "verticalAxisLabel": null,
            "hideHorizontalAxis": null,
            "horizontalAxisLabel": null,
            "axisType": "LINEAR",
            "stackMode": null,
            "multipleYAxis": null,
            "customVerticalAxisMin": null,
            "customVerticalAxisMax": null,
            "showEvents": null,
            "interpolateDataGaps": false,
            "showAllTooltips": null,
            "staticThresholdList": [],
            "eventFilterTemplate": null
        },
        {
            "widgetType": "GaugeWidget",
            "title": "Disk.Percent Used",
            "height": 2,
            "width": 3,
            "minHeight": 0,
            "minWidth": 0,
            "x": 9,
            "y": 0,
            "label": null,
            "description": null,
            "drillDownUrl": null,
            "useMetricBrowserAsDrillDown": true,
            "drillDownActionType": null,
            "backgroundColor": 16777215,
            "backgroundColors": null,
            "backgroundColorsStr": "16777215,16777215",
            "color": 1646891,
            "fontSize": 12,
            "useAutomaticFontSize": false,
            "borderEnabled": false,
            "borderThickness": 0,
            "borderColor": 14408667,
            "backgroundAlpha": 1,
            "showValues": true,
            "formatNumber": null,
            "numDecimals": 0,
            "removeZeros": null,
            "compactMode": false,
            "showTimeRange": false,
            "renderIn3D": false,
            "showLegend": null,
            "legendPosition": null,
            "legendColumnCount": null,
            "startTime": null,
            "endTime": null,
            "minutesBeforeAnchorTime": 15,
            "isGlobal": true,
            "propertiesMap": null,
            "dataSeriesTemplates": [
                {
                    "seriesType": "LINE",
                    "metricType": null,
                    "showRawMetricName": false,
                    "colorPalette": null,
                    "name": "Series 0",
                    "metricMatchCriteriaTemplate": {
                        "entityMatchCriteria": {
                            "matchCriteriaType": "SpecificEntities",
                            "entityType": "APPLICATION_COMPONENT_NODE",
                            "agentTypes": null,
                            "entityNames": [
                                {
                                    "applicationName": "Server & Infrastructure Monitoring",
                                    "entityType": "APPLICATION_COMPONENT_NODE",
                                    "entityName": "c0a31cc3ac68",
                                    "scopingEntityType": "APPLICATION_COMPONENT",
                                    "scopingEntityName": "Root",
                                    "subtype": null
                                }
                            ],
                            "summary": false
                        },
                        "metricExpressionTemplate": {
                            "metricExpressionType": "Logical",
                            "functionType": "VALUE",
                            "displayName": "null",
                            "inputMetricText": false,
                            "inputMetricPath": null,
                            "relativeMetricPath": "Custom Metrics|*|*|Allocations|*|Disk Stats|Percent Used"
                        },
                        "rollupMetricData": true,
                        "expressionString": null,
                        "useActiveBaseline": false,
                        "sortResultsAscending": false,
                        "maxResults": 20,
                        "evaluationScopeType": null,
                        "baselineName": null,
                        "applicationName": "Server & Infrastructure Monitoring",
                        "metricDisplayNameStyle": "DISPLAY_STYLE_AUTO",
                        "metricDisplayNameCustomFormat": null
                    },
                    "axisPosition": null
                }
            ],
            "showLabels": true,
            "showPercentValues": null,
            "useMinMaxValues": true,
            "minValue": 0,
            "maxValue": 100,
            "invertColors": false
        },
        {
            "widgetType": "GraphWidget",
            "title": "Custer Stats.Number of Documents",
            "height": 2,
            "width": 3,
            "minHeight": 0,
            "minWidth": 0,
            "x": 0,
            "y": 4,
            "label": null,
            "description": null,
            "drillDownUrl": null,
            "useMetricBrowserAsDrillDown": true,
            "drillDownActionType": null,
            "backgroundColor": 16777215,
            "backgroundColors": null,
            "backgroundColorsStr": "16777215,16777215",
            "color": 1646891,
            "fontSize": 12,
            "useAutomaticFontSize": false,
            "borderEnabled": false,
            "borderThickness": 0,
            "borderColor": 14408667,
            "backgroundAlpha": 1,
            "showValues": false,
            "formatNumber": null,
            "numDecimals": 0,
            "removeZeros": null,
            "compactMode": false,
            "showTimeRange": false,
            "renderIn3D": false,
            "showLegend": true,
            "legendPosition": "POSITION_BOTTOM",
            "legendColumnCount": 1,
            "startTime": null,
            "endTime": null,
            "minutesBeforeAnchorTime": 15,
            "isGlobal": true,
            "propertiesMap": null,
            "dataSeriesTemplates": [
                {
                    "seriesType": "LINE",
                    "metricType": null,
                    "showRawMetricName": false,
                    "colorPalette": null,
                    "name": "Series 1",
                    "metricMatchCriteriaTemplate": {
                        "entityMatchCriteria": {
                            "matchCriteriaType": "AllEntities",
                            "entityType": "APPLICATION_COMPONENT_NODE",
                            "agentTypes": null,
                            "summary": false
                        },
                        "metricExpressionTemplate": {
                            "metricExpressionType": "Logical",
                            "functionType": "VALUE",
                            "displayName": "null",
                            "inputMetricText": false,
                            "inputMetricPath": null,
                            "relativeMetricPath": "Custom Metrics|*|*|Cluster Stats|Number of documents"
                        },
                        "rollupMetricData": false,
                        "expressionString": null,
                        "useActiveBaseline": false,
                        "sortResultsAscending": false,
                        "maxResults": 20,
                        "evaluationScopeType": null,
                        "baselineName": null,
                        "applicationName": "Server & Infrastructure Monitoring",
                        "metricDisplayNameStyle": "DISPLAY_STYLE_AUTO",
                        "metricDisplayNameCustomFormat": null
                    },
                    "axisPosition": "LEFT"
                }
            ],
            "verticalAxisLabel": null,
            "hideHorizontalAxis": null,
            "horizontalAxisLabel": null,
            "axisType": "LINEAR",
            "stackMode": null,
            "multipleYAxis": null,
            "customVerticalAxisMin": null,
            "customVerticalAxisMax": null,
            "showEvents": null,
            "interpolateDataGaps": false,
            "showAllTooltips": null,
            "staticThresholdList": [],
            "eventFilterTemplate": null
        },
        {
            "widgetType": "GraphWidget",
            "title": "Custer Stats.Status",
            "height": 2,
            "width": 3,
            "minHeight": 0,
            "minWidth": 0,
            "x": 3,
            "y": 4,
            "label": null,
            "description": null,
            "drillDownUrl": null,
            "useMetricBrowserAsDrillDown": true,
            "drillDownActionType": null,
            "backgroundColor": 16777215,
            "backgroundColors": null,
            "backgroundColorsStr": "16777215,16777215",
            "color": 1646891,
            "fontSize": 12,
            "useAutomaticFontSize": false,
            "borderEnabled": false,
            "borderThickness": 0,
            "borderColor": 14408667,
            "backgroundAlpha": 1,
            "showValues": false,
            "formatNumber": null,
            "numDecimals": 0,
            "removeZeros": null,
            "compactMode": false,
            "showTimeRange": false,
            "renderIn3D": false,
            "showLegend": true,
            "legendPosition": "POSITION_BOTTOM",
            "legendColumnCount": 1,
            "startTime": null,
            "endTime": null,
            "minutesBeforeAnchorTime": 15,
            "isGlobal": true,
            "propertiesMap": null,
            "dataSeriesTemplates": [
                {
                    "seriesType": "LINE",
                    "metricType": null,
                    "showRawMetricName": false,
                    "colorPalette": null,
                    "name": "Series 1",
                    "metricMatchCriteriaTemplate": {
                        "entityMatchCriteria": {
                            "matchCriteriaType": "AllEntities",
                            "entityType": "APPLICATION_COMPONENT_NODE",
                            "agentTypes": null,
                            "summary": false
                        },
                        "metricExpressionTemplate": {
                            "metricExpressionType": "Logical",
                            "functionType": "VALUE",
                            "displayName": "null",
                            "inputMetricText": false,
                            "inputMetricPath": null,
                            "relativeMetricPath": "Custom Metrics|*|*|Cluster Stats|*|Status"
                        },
                        "rollupMetricData": false,
                        "expressionString": null,
                        "useActiveBaseline": false,
                        "sortResultsAscending": false,
                        "maxResults": 20,
                        "evaluationScopeType": null,
                        "baselineName": null,
                        "applicationName": "Server & Infrastructure Monitoring",
                        "metricDisplayNameStyle": "DISPLAY_STYLE_AUTO",
                        "metricDisplayNameCustomFormat": null
                    },
                    "axisPosition": "LEFT"
                }
            ],
            "verticalAxisLabel": null,
            "hideHorizontalAxis": null,
            "horizontalAxisLabel": null,
            "axisType": "LINEAR",
            "stackMode": null,
            "multipleYAxis": null,
            "customVerticalAxisMin": null,
            "customVerticalAxisMax": null,
            "showEvents": null,
            "interpolateDataGaps": false,
            "showAllTooltips": null,
            "staticThresholdList": [],
            "eventFilterTemplate": null
        },
        {
            "widgetType": "GraphWidget",
            "title": "Custer Stats.Unassigned Shards",
            "height": 2,
            "width": 3,
            "minHeight": 0,
            "minWidth": 0,
            "x": 6,
            "y": 4,
            "label": null,
            "description": null,
            "drillDownUrl": null,
            "useMetricBrowserAsDrillDown": true,
            "drillDownActionType": null,
            "backgroundColor": 16777215,
            "backgroundColors": null,
            "backgroundColorsStr": "16777215,16777215",
            "color": 1646891,
            "fontSize": 12,
            "useAutomaticFontSize": false,
            "borderEnabled": false,
            "borderThickness": 0,
            "borderColor": 14408667,
            "backgroundAlpha": 1,
            "showValues": false,
            "formatNumber": null,
            "numDecimals": 0,
            "removeZeros": null,
            "compactMode": false,
            "showTimeRange": false,
            "renderIn3D": false,
            "showLegend": true,
            "legendPosition": "POSITION_BOTTOM",
            "legendColumnCount": 1,
            "startTime": null,
            "endTime": null,
            "minutesBeforeAnchorTime": 15,
            "isGlobal": true,
            "propertiesMap": null,
            "dataSeriesTemplates": [
                {
                    "seriesType": "LINE",
                    "metricType": null,
                    "showRawMetricName": false,
                    "colorPalette": null,
                    "name": "Series 1",
                    "metricMatchCriteriaTemplate": {
                        "entityMatchCriteria": {
                            "matchCriteriaType": "AllEntities",
                            "entityType": "APPLICATION_COMPONENT_NODE",
                            "agentTypes": null,
                            "summary": false
                        },
                        "metricExpressionTemplate": {
                            "metricExpressionType": "Logical",
                            "functionType": "VALUE",
                            "displayName": "null",
                            "inputMetricText": false,
                            "inputMetricPath": null,
                            "relativeMetricPath": "Custom Metrics|*|*|Cluster Stats|*|Unassigned shards (count)"
                        },
                        "rollupMetricData": false,
                        "expressionString": null,
                        "useActiveBaseline": false,
                        "sortResultsAscending": false,
                        "maxResults": 20,
                        "evaluationScopeType": null,
                        "baselineName": null,
                        "applicationName": "Server & Infrastructure Monitoring",
                        "metricDisplayNameStyle": "DISPLAY_STYLE_AUTO",
                        "metricDisplayNameCustomFormat": null
                    },
                    "axisPosition": "LEFT"
                }
            ],
            "verticalAxisLabel": null,
            "hideHorizontalAxis": null,
            "horizontalAxisLabel": null,
            "axisType": "LINEAR",
            "stackMode": null,
            "multipleYAxis": null,
            "customVerticalAxisMin": null,
            "customVerticalAxisMax": null,
            "showEvents": null,
            "interpolateDataGaps": false,
            "showAllTooltips": null,
            "staticThresholdList": [],
            "eventFilterTemplate": null
        },
        {
            "widgetType": "GaugeWidget",
            "title": "Cluster Stats.Active shards percent",
            "height": 2,
            "width": 3,
            "minHeight": 0,
            "minWidth": 0,
            "x": 9,
            "y": 4,
            "label": null,
            "description": null,
            "drillDownUrl": null,
            "useMetricBrowserAsDrillDown": true,
            "drillDownActionType": null,
            "backgroundColor": 16777215,
            "backgroundColors": null,
            "backgroundColorsStr": "16777215,16777215",
            "color": 1646891,
            "fontSize": 12,
            "useAutomaticFontSize": false,
            "borderEnabled": false,
            "borderThickness": 0,
            "borderColor": 14408667,
            "backgroundAlpha": 1,
            "showValues": true,
            "formatNumber": null,
            "numDecimals": 0,
            "removeZeros": null,
            "compactMode": false,
            "showTimeRange": false,
            "renderIn3D": false,
            "showLegend": null,
            "legendPosition": null,
            "legendColumnCount": null,
            "startTime": null,
            "endTime": null,
            "minutesBeforeAnchorTime": 15,
            "isGlobal": true,
            "propertiesMap": null,
            "dataSeriesTemplates": [
                {
                    "seriesType": "LINE",
                    "metricType": null,
                    "showRawMetricName": false,
                    "colorPalette": null,
                    "name": "Series 0",
                    "metricMatchCriteriaTemplate": {
                        "entityMatchCriteria": {
                            "matchCriteriaType": "SpecificEntities",
                            "entityType": "APPLICATION_COMPONENT_NODE",
                            "agentTypes": null,
                            "entityNames": [
                                {
                                    "applicationName": "Server & Infrastructure Monitoring",
                                    "entityType": "APPLICATION_COMPONENT_NODE",
                                    "entityName": "c0a31cc3ac68",
                                    "scopingEntityType": "APPLICATION_COMPONENT",
                                    "scopingEntityName": "Root",
                                    "subtype": null
                                }
                            ],
                            "summary": false
                        },
                        "metricExpressionTemplate": {
                            "metricExpressionType": "Logical",
                            "functionType": "VALUE",
                            "displayName": "null",
                            "inputMetricText": false,
                            "inputMetricPath": null,
                            "relativeMetricPath": "Custom Metrics|*|*|Cluster Stats|*|Active shards percent"
                        },
                        "rollupMetricData": true,
                        "expressionString": null,
                        "useActiveBaseline": false,
                        "sortResultsAscending": false,
                        "maxResults": 20,
                        "evaluationScopeType": null,
                        "baselineName": null,
                        "applicationName": "Server & Infrastructure Monitoring",
                        "metricDisplayNameStyle": "DISPLAY_STYLE_AUTO",
                        "metricDisplayNameCustomFormat": null
                    },
                    "axisPosition": null
                }
            ],
            "showLabels": true,
            "showPercentValues": null,
            "useMinMaxValues": true,
            "minValue": 0,
            "maxValue": 100,
            "invertColors": false
        },
        {
            "widgetType": "GraphWidget",
            "title": "Node Stats.One-minute load average",
            "height": 2,
            "width": 3,
            "minHeight": 0,
            "minWidth": 0,
            "x": 0,
            "y": 6,
            "label": null,
            "description": null,
            "drillDownUrl": null,
            "useMetricBrowserAsDrillDown": true,
            "drillDownActionType": null,
            "backgroundColor": 16777215,
            "backgroundColors": null,
            "backgroundColorsStr": "16777215,16777215",
            "color": 1646891,
            "fontSize": 12,
            "useAutomaticFontSize": false,
            "borderEnabled": false,
            "borderThickness": 0,
            "borderColor": 14408667,
            "backgroundAlpha": 1,
            "showValues": false,
            "formatNumber": null,
            "numDecimals": 0,
            "removeZeros": null,
            "compactMode": false,
            "showTimeRange": false,
            "renderIn3D": false,
            "showLegend": true,
            "legendPosition": "POSITION_BOTTOM",
            "legendColumnCount": 1,
            "startTime": null,
            "endTime": null,
            "minutesBeforeAnchorTime": 15,
            "isGlobal": true,
            "propertiesMap": null,
            "dataSeriesTemplates": [
                {
                    "seriesType": "LINE",
                    "metricType": null,
                    "showRawMetricName": false,
                    "colorPalette": null,
                    "name": "Series 1",
                    "metricMatchCriteriaTemplate": {
                        "entityMatchCriteria": {
                            "matchCriteriaType": "AllEntities",
                            "entityType": "APPLICATION_COMPONENT_NODE",
                            "agentTypes": null,
                            "summary": false
                        },
                        "metricExpressionTemplate": {
                            "metricExpressionType": "Logical",
                            "functionType": "VALUE",
                            "displayName": "null",
                            "inputMetricText": false,
                            "inputMetricPath": null,
                            "relativeMetricPath": "Custom Metrics|*|*|Node Stats|*|One-minute load average"
                        },
                        "rollupMetricData": false,
                        "expressionString": null,
                        "useActiveBaseline": false,
                        "sortResultsAscending": false,
                        "maxResults": 20,
                        "evaluationScopeType": null,
                        "baselineName": null,
                        "applicationName": "Server & Infrastructure Monitoring",
                        "metricDisplayNameStyle": "DISPLAY_STYLE_AUTO",
                        "metricDisplayNameCustomFormat": null
                    },
                    "axisPosition": "LEFT"
                }
            ],
            "verticalAxisLabel": null,
            "hideHorizontalAxis": null,
            "horizontalAxisLabel": null,
            "axisType": "LINEAR",
            "stackMode": null,
            "multipleYAxis": null,
            "customVerticalAxisMin": null,
            "customVerticalAxisMax": null,
            "showEvents": null,
            "interpolateDataGaps": false,
            "showAllTooltips": null,
            "staticThresholdList": [],
            "eventFilterTemplate": null
        },
        {
            "widgetType": "GaugeWidget",
            "title": "Node Stats.CPU Usage",
            "height": 2,
            "width": 3,
            "minHeight": 0,
            "minWidth": 0,
            "x": 3,
            "y": 6,
            "label": null,
            "description": null,
            "drillDownUrl": null,
            "useMetricBrowserAsDrillDown": true,
            "drillDownActionType": null,
            "backgroundColor": 16777215,
            "backgroundColors": null,
            "backgroundColorsStr": "16777215,16777215",
            "color": 1646891,
            "fontSize": 12,
            "useAutomaticFontSize": false,
            "borderEnabled": false,
            "borderThickness": 0,
            "borderColor": 14408667,
            "backgroundAlpha": 1,
            "showValues": true,
            "formatNumber": null,
            "numDecimals": 0,
            "removeZeros": null,
            "compactMode": false,
            "showTimeRange": false,
            "renderIn3D": false,
            "showLegend": null,
            "legendPosition": null,
            "legendColumnCount": null,
            "startTime": null,
            "endTime": null,
            "minutesBeforeAnchorTime": 15,
            "isGlobal": true,
            "propertiesMap": null,
            "dataSeriesTemplates": [
                {
                    "seriesType": "LINE",
                    "metricType": null,
                    "showRawMetricName": false,
                    "colorPalette": null,
                    "name": "Series 0",
                    "metricMatchCriteriaTemplate": {
                        "entityMatchCriteria": {
                            "matchCriteriaType": "SpecificEntities",
                            "entityType": "APPLICATION_COMPONENT_NODE",
                            "agentTypes": null,
                            "entityNames": [
                                {
                                    "applicationName": "Server & Infrastructure Monitoring",
                                    "entityType": "APPLICATION_COMPONENT_NODE",
                                    "entityName": "c0a31cc3ac68",
                                    "scopingEntityType": "APPLICATION_COMPONENT",
                                    "scopingEntityName": "Root",
                                    "subtype": null
                                }
                            ],
                            "summary": false
                        },
                        "metricExpressionTemplate": {
                            "metricExpressionType": "Logical",
                            "functionType": "VALUE",
                            "displayName": "null",
                            "inputMetricText": false,
                            "inputMetricPath": null,
                            "relativeMetricPath": "Custom Metrics|*|*|Node Stats|*|CPU Usage (percent)"
                        },
                        "rollupMetricData": true,
                        "expressionString": null,
                        "useActiveBaseline": false,
                        "sortResultsAscending": false,
                        "maxResults": 20,
                        "evaluationScopeType": null,
                        "baselineName": null,
                        "applicationName": "Server & Infrastructure Monitoring",
                        "metricDisplayNameStyle": "DISPLAY_STYLE_AUTO",
                        "metricDisplayNameCustomFormat": null
                    },
                    "axisPosition": null
                }
            ],
            "showLabels": true,
            "showPercentValues": null,
            "useMinMaxValues": true,
            "minValue": 0,
            "maxValue": 100,
            "invertColors": false
        },
        {
            "widgetType": "GaugeWidget",
            "title": "Node Stats.Heap Usage",
            "height": 2,
            "width": 3,
            "minHeight": 0,
            "minWidth": 0,
            "x": 6,
            "y": 6,
            "label": null,
            "description": null,
            "drillDownUrl": null,
            "useMetricBrowserAsDrillDown": true,
            "drillDownActionType": null,
            "backgroundColor": 16777215,
            "backgroundColors": null,
            "backgroundColorsStr": "16777215,16777215",
            "color": 1646891,
            "fontSize": 12,
            "useAutomaticFontSize": false,
            "borderEnabled": false,
            "borderThickness": 0,
            "borderColor": 14408667,
            "backgroundAlpha": 1,
            "showValues": true,
            "formatNumber": null,
            "numDecimals": 0,
            "removeZeros": null,
            "compactMode": false,
            "showTimeRange": false,
            "renderIn3D": false,
            "showLegend": null,
            "legendPosition": null,
            "legendColumnCount": null,
            "startTime": null,
            "endTime": null,
            "minutesBeforeAnchorTime": 15,
            "isGlobal": true,
            "propertiesMap": null,
            "dataSeriesTemplates": [
                {
                    "seriesType": "LINE",
                    "metricType": null,
                    "showRawMetricName": false,
                    "colorPalette": null,
                    "name": "Series 0",
                    "metricMatchCriteriaTemplate": {
                        "entityMatchCriteria": {
                            "matchCriteriaType": "SpecificEntities",
                            "entityType": "APPLICATION_COMPONENT_NODE",
                            "agentTypes": null,
                            "entityNames": [
                                {
                                    "applicationName": "Server & Infrastructure Monitoring",
                                    "entityType": "APPLICATION_COMPONENT_NODE",
                                    "entityName": "c0a31cc3ac68",
                                    "scopingEntityType": "APPLICATION_COMPONENT",
                                    "scopingEntityName": "Root",
                                    "subtype": null
                                }
                            ],
                            "summary": false
                        },
                        "metricExpressionTemplate": {
                            "metricExpressionType": "Logical",
                            "functionType": "VALUE",
                            "displayName": "null",
                            "inputMetricText": false,
                            "inputMetricPath": null,
                            "relativeMetricPath": "Custom Metrics|*|*|Node Stats|*|Heap Usage (Percent)"
                        },
                        "rollupMetricData": true,
                        "expressionString": null,
                        "useActiveBaseline": false,
                        "sortResultsAscending": false,
                        "maxResults": 20,
                        "evaluationScopeType": null,
                        "baselineName": null,
                        "applicationName": "Server & Infrastructure Monitoring",
                        "metricDisplayNameStyle": "DISPLAY_STYLE_AUTO",
                        "metricDisplayNameCustomFormat": null
                    },
                    "axisPosition": null
                }
            ],
            "showLabels": true,
            "showPercentValues": null,
            "useMinMaxValues": true,
            "minValue": 0,
            "maxValue": 100,
            "invertColors": false
        },
        {
            "widgetType": "GaugeWidget",
            "title": "Node Stats.Ram Usage",
            "height": 2,
            "width": 3,
            "minHeight": 0,
            "minWidth": 0,
            "x": 9,
            "y": 6,
            "label": null,
            "description": null,
            "drillDownUrl": null,
            "useMetricBrowserAsDrillDown": true,
            "drillDownActionType": null,
            "backgroundColor": 16777215,
            "backgroundColors": null,
            "backgroundColorsStr": "16777215,16777215",
            "color": 1646891,
            "fontSize": 12,
            "useAutomaticFontSize": false,
            "borderEnabled": false,
            "borderThickness": 0,
            "borderColor": 14408667,
            "backgroundAlpha": 1,
            "showValues": true,
            "formatNumber": null,
            "numDecimals": 0,
            "removeZeros": null,
            "compactMode": false,
            "showTimeRange": false,
            "renderIn3D": false,
            "showLegend": null,
            "legendPosition": null,
            "legendColumnCount": null,
            "startTime": null,
            "endTime": null,
            "minutesBeforeAnchorTime": 15,
            "isGlobal": true,
            "propertiesMap": null,
            "dataSeriesTemplates": [
                {
                    "seriesType": "LINE",
                    "metricType": null,
                    "showRawMetricName": false,
                    "colorPalette": null,
                    "name": "Series 0",
                    "metricMatchCriteriaTemplate": {
                        "entityMatchCriteria": {
                            "matchCriteriaType": "SpecificEntities",
                            "entityType": "APPLICATION_COMPONENT_NODE",
                            "agentTypes": null,
                            "entityNames": [
                                {
                                    "applicationName": "Server & Infrastructure Monitoring",
                                    "entityType": "APPLICATION_COMPONENT_NODE",
                                    "entityName": "c0a31cc3ac68",
                                    "scopingEntityType": "APPLICATION_COMPONENT",
                                    "scopingEntityName": "Root",
                                    "subtype": null
                                }
                            ],
                            "summary": false
                        },
                        "metricExpressionTemplate": {
                            "metricExpressionType": "Logical",
                            "functionType": "VALUE",
                            "displayName": "null",
                            "inputMetricText": false,
                            "inputMetricPath": null,
                            "relativeMetricPath": "Custom Metrics|*|*|Node Stats|*|Ram Usage (Percent)"
                        },
                        "rollupMetricData": true,
                        "expressionString": null,
                        "useActiveBaseline": false,
                        "sortResultsAscending": false,
                        "maxResults": 20,
                        "evaluationScopeType": null,
                        "baselineName": null,
                        "applicationName": "Server & Infrastructure Monitoring",
                        "metricDisplayNameStyle": "DISPLAY_STYLE_AUTO",
                        "metricDisplayNameCustomFormat": null
                    },
                    "axisPosition": null
                }
            ],
            "showLabels": true,
            "showPercentValues": null,
            "useMinMaxValues": true,
            "minValue": 0,
            "maxValue": 100,
            "invertColors": false
        }
    ],
    "warRoom": false,
    "template": false
}