<?xml version="1.0" encoding="UTF-8"?>

<monitor>
    <name>ElasticsearchMonitor</name>
    <type>managed</type>
    <enabled>true</enabled>
    <description>Monitors Elasticsearch</description>
    <monitor-configuration></monitor-configuration>
    <monitor-run-task>
        <execution-style>periodic</execution-style>
        <execution-frequency-in-seconds>60</execution-frequency-in-seconds>
        <name>Elasticsearch Monitor Run Task</name>
        <display-name>Elasticsearch Monitor Task</display-name>
        <description>Elasticsearch Monitor Task</description>
        <type>java</type>
        <execution-timeout-in-secs>60</execution-timeout-in-secs>
        <task-arguments>
            <argument name="config-file" is-required="true" default-value="monitors/ElasticsearchMonitor/config.yml"/>
        </task-arguments>
        <java-task>
            <classpath>elasticsearch-monitoring-extension.jar</classpath>
            <impl-class>com.appdynamics.extensions.elasticsearch.ElasticsearchMonitor</impl-class>
        </java-task>
    </monitor-run-task>
</monitor>
