<!--
  ~ Copyright 2018. AppDynamics LLC and its affiliates.
  ~ All Rights Reserved.
  ~ This is unpublished proprietary source code of AppDynamics LLC and its affiliates.
  ~ The copyright notice above does not evidence any actual or intended publication of such source code.
  -->

<!--
aggregationType = AVERAGE | SUM | OBSERVATION
timeRollUpType = AVERAGE | SUM | CURRENT
clusterRollUpType = INDIVIDUAL | COLLECTIVE
-->
<!--
Set delta = true for metric to report per-min data
-->
<stats url="/api/3">
    <stat suburl="" name="plain-text">
        <metric attr="Active connections" alias="Active Connections" aggregationType = "AVERAGE" timeRollUpType = "AVERAGE" clusterRollUpType = "COLLECTIVE"/>
        <metric attr="Server|Accepts" alias="Accepts" aggregationType = "AVERAGE" timeRollUpType = "AVERAGE" clusterRollUpType = "COLLECTIVE"/>
        <metric attr="Server|Handled" alias="Handled" aggregationType = "AVERAGE" timeRollUpType = "AVERAGE" clusterRollUpType = "COLLECTIVE"/>
        <metric attr="Server|Requests" alias="Requests" aggregationType = "AVERAGE" timeRollUpType = "AVERAGE" clusterRollUpType = "COLLECTIVE"/>
        <metric attr="Reading" alias="Reading" aggregationType = "AVERAGE" timeRollUpType = "AVERAGE" clusterRollUpType = "COLLECTIVE"/>
        <metric attr="Writing" alias="Writing" aggregationType = "AVERAGE" timeRollUpType = "AVERAGE" clusterRollUpType = "COLLECTIVE"/>
        <metric attr="Waiting" alias="Waiting" aggregationType = "AVERAGE" timeRollUpType = "AVERAGE" clusterRollUpType = "COLLECTIVE"/>
    </stat>
    <stat suburl="processes" name="Processes-Status">
        <metric attr="respawned" alias="Respawned" aggregationType = "AVERAGE" timeRollUpType = "AVERAGE" clusterRollUpType = "COLLECTIVE"/>
    </stat>
    <stat suburl="connections" name="Connections-Statistics">
        <metric attr="accepted" alias="Accepted" aggregationType = "AVERAGE" timeRollUpType = "AVERAGE" clusterRollUpType = "COLLECTIVE"/>
        <metric attr="dropped" alias="Dropped" aggregationType = "AVERAGE" timeRollUpType = "AVERAGE" clusterRollUpType = "COLLECTIVE"/>
        <metric attr="active" alias="Active" aggregationType = "AVERAGE" timeRollUpType = "AVERAGE" clusterRollUpType = "COLLECTIVE"/>
        <metric attr="idle" alias="Idle" aggregationType = "AVERAGE" timeRollUpType = "AVERAGE" clusterRollUpType = "COLLECTIVE"/>
    </stat>
    <stat suburl="ssl" name="SSL-Statistics">
        <metric attr="handshakes" alias="Handshakes" aggregationType = "AVERAGE" timeRollUpType = "AVERAGE" clusterRollUpType = "COLLECTIVE"/>
        <metric attr="handshakes_failed" alias="Handshakes Failed" aggregationType = "AVERAGE" timeRollUpType = "AVERAGE" clusterRollUpType = "COLLECTIVE"/>
        <metric attr="session_reuses" alias="Session Reuses" aggregationType = "AVERAGE" timeRollUpType = "AVERAGE" clusterRollUpType = "COLLECTIVE"/>
    </stat>
    <stat suburl="slabs" name="Slab-Status">
        <metric attr="pages" alias="Pages" aggregationType = "AVERAGE" timeRollUpType = "AVERAGE" clusterRollUpType = "COLLECTIVE"/>
    </stat>
    <stat suburl="http" name="HTTP-Endpoints">
        <stat suburl="requests" name="Requests">
            <metric attr="total" alias="Total" aggregationType = "AVERAGE" timeRollUpType = "AVERAGE" clusterRollUpType = "COLLECTIVE"/>
            <metric attr="current" alias="Current" aggregationType = "AVERAGE" timeRollUpType = "AVERAGE" clusterRollUpType = "COLLECTIVE"/>
        </stat>
        <stat suburl="server_zones" name="Server-Zones">
            <metric attr="processing" alias="Processing" aggregationType = "AVERAGE" timeRollUpType = "AVERAGE" clusterRollUpType = "COLLECTIVE"/>
            <metric attr="requests" alias="Requests" aggregationType = "AVERAGE" timeRollUpType = "AVERAGE" clusterRollUpType = "COLLECTIVE"/>
            <metric attr="responses" alias="Responses" aggregationType = "AVERAGE" timeRollUpType = "AVERAGE" clusterRollUpType = "COLLECTIVE"/>
            <metric attr="discarded" alias="Discarded" aggregationType = "AVERAGE" timeRollUpType = "AVERAGE" clusterRollUpType = "COLLECTIVE"/>
            <metric attr="received" alias="Received" aggregationType = "AVERAGE" timeRollUpType = "AVERAGE" clusterRollUpType = "COLLECTIVE"/>
            <metric attr="sent" alias="Sent" aggregationType = "AVERAGE" timeRollUpType = "AVERAGE" clusterRollUpType = "COLLECTIVE"/>
        </stat>
        <stat suburl="caches" name="Caches">
            <metric attr="size" alias="Size" aggregationType = "AVERAGE" timeRollUpType = "AVERAGE" clusterRollUpType = "COLLECTIVE"/>
            <metric attr="max_size" alias="Max size" aggregationType = "AVERAGE" timeRollUpType = "AVERAGE" clusterRollUpType = "COLLECTIVE"/>
            <metric attr="cold" alias="Cold" aggregationType = "AVERAGE" timeRollUpType = "AVERAGE" clusterRollUpType = "COLLECTIVE"/>
            <metric attr="hit" alias="Hit" aggregationType = "AVERAGE" timeRollUpType = "AVERAGE" clusterRollUpType = "COLLECTIVE"/>
            <metric attr="Stale" alias="Stale" aggregationType = "AVERAGE" timeRollUpType = "AVERAGE" clusterRollUpType = "COLLECTIVE"/>
            <metric attr="updating" alias="Updating" aggregationType = "AVERAGE" timeRollUpType = "AVERAGE" clusterRollUpType = "COLLECTIVE"/>
            <metric attr="revalidated" alias="Revalidating" aggregationType = "AVERAGE" timeRollUpType = "AVERAGE" clusterRollUpType = "COLLECTIVE"/>
            <metric attr="miss" alias="Miss" aggregationType = "AVERAGE" timeRollUpType = "AVERAGE" clusterRollUpType = "COLLECTIVE"/>
            <metric attr="expired" alias="Expired" aggregationType = "AVERAGE" timeRollUpType = "AVERAGE" clusterRollUpType = "COLLECTIVE"/>
            <metric attr="bypass" alias="Bypass" aggregationType = "AVERAGE" timeRollUpType = "AVERAGE" clusterRollUpType = "COLLECTIVE"/>
        </stat>
        <stat suburl="upstreams" name="Upstreams">
            <metric attr="backup" alias="BackUp" aggregationType = "AVERAGE" timeRollUpType = "AVERAGE" clusterRollUpType = "COLLECTIVE"/>
            <metric attr="weight" alias="Weight" aggregationType = "AVERAGE" timeRollUpType = "AVERAGE" clusterRollUpType = "COLLECTIVE"/>
            <metric attr="state" alias="State" aggregationType = "AVERAGE" timeRollUpType = "AVERAGE" clusterRollUpType = "COLLECTIVE">
            <convert str="up" value="1"/>
            <convert str="down" value="0"/>
            <convert str="unavail" value="2"/>
            <convert str="unhealthy" value="3"/>
            </metric>
            <metric attr="active" alias="Active" aggregationType = "AVERAGE" timeRollUpType = "AVERAGE" clusterRollUpType = "COLLECTIVE"/>
            <metric attr="max_conns" alias="Max conns" aggregationType = "AVERAGE" timeRollUpType = "AVERAGE" clusterRollUpType = "COLLECTIVE"/>
            <metric attr="requests" alias="Requests" aggregationType = "AVERAGE" timeRollUpType = "AVERAGE" clusterRollUpType = "COLLECTIVE"/>
            <metric attr="header_time" alias="Header Time" aggregationType = "AVERAGE" timeRollUpType = "AVERAGE" clusterRollUpType = "COLLECTIVE"/>
            <metric attr="response_time" alias="Response Time" aggregationType = "AVERAGE" timeRollUpType = "AVERAGE" clusterRollUpType = "COLLECTIVE"/>
            <metric attr="responses" alias="Responses" aggregationType = "AVERAGE" timeRollUpType = "AVERAGE" clusterRollUpType = "COLLECTIVE"/>
            <metric attr="sent" alias="Sent" aggregationType = "AVERAGE" timeRollUpType = "AVERAGE" clusterRollUpType = "COLLECTIVE"/>
            <metric attr="received" alias="Received" aggregationType = "AVERAGE" timeRollUpType = "AVERAGE" clusterRollUpType = "COLLECTIVE"/>
            <metric attr="fails" alias="Fails" aggregationType = "AVERAGE" timeRollUpType = "AVERAGE" clusterRollUpType = "COLLECTIVE"/>
            <metric attr="unavail" alias="Unavail" aggregationType = "AVERAGE" timeRollUpType = "AVERAGE" clusterRollUpType = "COLLECTIVE"/>
            <metric attr="health_checks" alias="Health checks" aggregationType = "AVERAGE" timeRollUpType = "AVERAGE" clusterRollUpType = "COLLECTIVE"/>
            <metric attr="downtime" alias="Downtime" aggregationType = "AVERAGE" timeRollUpType = "AVERAGE" clusterRollUpType = "COLLECTIVE"/>
        </stat>
        <!--<stat suburl="keyvals" name="Keyvals">-->
        <!--</stat>-->
    </stat>
    <stat suburl="stream" name="HTTP-Endpoints">
        <stat suburl="server_zones" name="Server-Zones">
            <metric attr="processing" alias="Processing" aggregationType = "AVERAGE" timeRollUpType = "AVERAGE" clusterRollUpType = "COLLECTIVE"/>
            <metric attr="connections" alias="Connections" aggregationType = "AVERAGE" timeRollUpType = "AVERAGE" clusterRollUpType = "COLLECTIVE"/>
            <metric attr="sessions" alias="Sessions" aggregationType = "AVERAGE" timeRollUpType = "AVERAGE" clusterRollUpType = "COLLECTIVE"/>
            <metric attr="discarded" alias="Discarded" aggregationType = "AVERAGE" timeRollUpType = "AVERAGE" clusterRollUpType = "COLLECTIVE"/>
            <metric attr="received" alias="Received" aggregationType = "AVERAGE" timeRollUpType = "AVERAGE" clusterRollUpType = "COLLECTIVE"/>
            <metric attr="sent" alias="Sent" aggregationType = "AVERAGE" timeRollUpType = "AVERAGE" clusterRollUpType = "COLLECTIVE"/>
        </stat>
        <stat suburl="upstreams" name="Upstreams">
            <metric attr="backup" alias="BackUp" aggregationType = "AVERAGE" timeRollUpType = "AVERAGE" clusterRollUpType = "COLLECTIVE"/>
            <metric attr="weight" alias="Weight" aggregationType = "AVERAGE" timeRollUpType = "AVERAGE" clusterRollUpType = "COLLECTIVE"/>
            <metric attr="state" alias="State" aggregationType = "AVERAGE" timeRollUpType = "AVERAGE" clusterRollUpType = "COLLECTIVE">
            <convert str="up" value="0"/>
            <convert str="down" value="1"/>
            <convert str="unavail" value="2"/>
            <convert str="unhealthy" value="3"/>
            </metric>
            <metric attr="active" alias="Active" aggregationType = "AVERAGE" timeRollUpType = "AVERAGE" clusterRollUpType = "COLLECTIVE"/>
            <metric attr="max_conns" alias="Max conns" aggregationType = "AVERAGE" timeRollUpType = "AVERAGE" clusterRollUpType = "COLLECTIVE"/>
            <metric attr="requests" alias="Requests" aggregationType = "AVERAGE" timeRollUpType = "AVERAGE" clusterRollUpType = "COLLECTIVE"/>
            <metric attr="header_time" alias="Header Time" aggregationType = "AVERAGE" timeRollUpType = "AVERAGE" clusterRollUpType = "COLLECTIVE"/>
            <metric attr="response_time" alias="Response Time" aggregationType = "AVERAGE" timeRollUpType = "AVERAGE" clusterRollUpType = "COLLECTIVE"/>
            <metric attr="responses" alias="Responses" aggregationType = "AVERAGE" timeRollUpType = "AVERAGE" clusterRollUpType = "COLLECTIVE"/>
            <metric attr="sent" alias="Sent" aggregationType = "AVERAGE" timeRollUpType = "AVERAGE" clusterRollUpType = "COLLECTIVE"/>
            <metric attr="received" alias="Received" aggregationType = "AVERAGE" timeRollUpType = "AVERAGE" clusterRollUpType = "COLLECTIVE"/>
            <metric attr="fails" alias="Fails" aggregationType = "AVERAGE" timeRollUpType = "AVERAGE" clusterRollUpType = "COLLECTIVE"/>
            <metric attr="unavail" alias="Unavail" aggregationType = "AVERAGE" timeRollUpType = "AVERAGE" clusterRollUpType = "COLLECTIVE"/>
            <metric attr="health_checks" alias="Health checks" aggregationType = "AVERAGE" timeRollUpType = "AVERAGE" clusterRollUpType = "COLLECTIVE"/>
            <metric attr="downtime" alias="Downtime" aggregationType = "AVERAGE" timeRollUpType = "AVERAGE" clusterRollUpType = "COLLECTIVE"/>
            <metric attr="connections" alias="Connections" aggregationType = "AVERAGE" timeRollUpType = "AVERAGE" clusterRollUpType = "COLLECTIVE"/>
            <metric attr="connect_time" alias="connect_time" aggregationType = "AVERAGE" timeRollUpType = "AVERAGE" clusterRollUpType = "COLLECTIVE"/>
            <metric attr="zombies" alias="Zombies" aggregationType = "AVERAGE" timeRollUpType = "AVERAGE" clusterRollUpType = "COLLECTIVE"/>
            <metric attr="first_byte_time" alias="First Byte Time" aggregationType = "AVERAGE" timeRollUpType = "AVERAGE" clusterRollUpType = "COLLECTIVE"/>
        </stat>
    </stat>
</stats>