<!--
  ~ Copyright 2018. AppDynamics LLC and its affiliates.
  ~ All Rights Reserved.
  ~ This is unpublished proprietary source code of AppDynamics LLC and its affiliates.
  ~ The copyright notice above does not evidence any actual or intended publication of such source code.
  -->

<monitor>
    <name>LinuxMonitor</name>
    <type>managed</type>
    <description>Linux system monitor</description>
    <monitor-configuration></monitor-configuration>
    <monitor-run-task>
        <execution-style>periodic</execution-style>
        <name>Linux Monitor Run Task</name>
        <display-name>Linux Monitor Task</display-name>
        <description>Linux Monitor Task</description>
        <type>java</type>
        <execution-timeout-in-secs>60</execution-timeout-in-secs>
        <execution-frequency-in-seconds>60</execution-frequency-in-seconds>
        <task-arguments>
            <!-- config file-->
            <argument name="config-file" is-required="true" default-value="monitors/LinuxMonitor/config.yml" />
            <argument name="metric-file" is-required="true" default-value="monitors/LinuxMonitor/metrics.xml" />
        </task-arguments>
        <java-task>
            <classpath>linux-monitoring-extension.jar</classpath>
            <impl-class>com.appdynamics.extensions.linux.LinuxMonitor</impl-class>
        </java-task>
    </monitor-run-task>
</monitor>
